Âge;Revenu mensuel;Charge mensuelle;Cashflow (70%);Montant demandé;Durée (mois);Garantie;Statut
46;531282;226568;213300;763232;10;réelle;validé
39;340000;64972;192520;379033;24;personnelle;validé
39;136603;30085;74563;1063899;23;réelle;validé
49;713834;44114;468804;3831614;23;réelle;validé
46;538392;117999;294275;2757754;24;personnelle;validé
33;903520;331078;400709;688459;10;personnelle;validé
31;914211;261472;456917;5049516;21;personnelle;validé
50;133858;59001;52400;576784;16;réelle;validé
45;556495;286946;188684;2196783;17;réelle;validé
32;846711;113310;513381;5859862;21;réelle;validé
42;263167;72903;133185;1350346;8;aucune;non validé
52;157606;98490;41381;711170;20;réelle;validé
36;856661;358783;348515;7765250;17;aucune;non validé
49;192011;118050;51773;1740757;24;aucune;non validé
42;700330;387314;219111;658135;14;personnelle;validé
35;938656;445367;345302;6557377;15;aucune;non validé
46;973229;458967;359983;5728109;21;personnelle;validé
30;355294;117090;166743;673452;6;personnelle;validé
42;192418;80243;78522;774881;14;réelle;validé
34;771628;272636;349294;1627794;7;personnelle;validé
36;199810;123605;53344;1440067;19;personnelle;non validé
42;270874;91404;125629;749285;13;réelle;validé
35;970734;44578;648309;4804095;23;réelle;validé
43;311651;144196;117218;2221549;16;réelle;non validé
45;525347;63785;323093;6583020;22;réelle;validé
42;154634;36762;82510;574054;8;réelle;validé
50;125306;86565;27119;385781;19;réelle;validé
42;193080;22348;119512;930182;6;aucune;non validé
32;936139;455417;336505;4374635;10;aucune;non validé
34;973663;276562;487971;4681083;17;réelle;validé
46;769924;159305;427433;2721120;9;personnelle;validé
37;833425;550853;197800;423314;18;personnelle;validé
33;363843;21712;239492;1248060;12;personnelle;validé
52;367613;152494;150583;903430;10;personnelle;validé
33;733640;137217;417496;9915083;19;personnelle;non validé
36;385582;69922;220962;1094284;6;personnelle;validé
43;765471;320390;311557;913224;7;personnelle;validé
29;342513;228314;79939;1394082;12;personnelle;non validé
49;508570;112493;277254;5784676;23;personnelle;validé
32;461651;302781;111209;792069;21;réelle;validé
49;203932;136274;47361;389529;12;réelle;validé
41;796083;458753;236131;2614003;18;personnelle;validé
28;685922;152266;373559;11503626;21;réelle;non validé
42;571669;267269;213080;2932227;24;réelle;validé
40;621199;375176;172216;1331954;9;réelle;validé
50;551504;129252;295576;4997776;12;personnelle;non validé
40;519998;265495;178152;960841;14;réelle;validé
51;460807;147837;219079;1132504;19;réelle;validé
32;244979;112225;92928;524126;10;personnelle;validé
38;173643;113265;42265;280543;14;réelle;validé
28;268592;173413;66625;534511;9;personnelle;validé
50;855084;356362;349105;2982973;19;réelle;validé
36;532231;358792;121407;255159;14;personnelle;validé
31;985982;393612;414659;2737617;19;personnelle;validé
33;300687;128189;120749;1721717;16;réelle;validé
44;597034;392409;143238;1093666;21;réelle;validé
36;366835;106146;182482;4085741;17;personnelle;non validé
39;226904;79607;103108;741567;16;personnelle;validé
40;904098;614362;202815;213201;10;personnelle;validé
32;888678;588066;210428;2255264;9;aucune;non validé
37;545346;158548;270759;1119481;13;personnelle;validé
51;795772;331747;324818;1194239;11;réelle;validé
29;107293;20179;60980;528632;18;réelle;validé
42;801397;444541;249799;6662105;18;personnelle;non validé
38;773775;108605;465619;226909;19;réelle;validé
48;766525;343101;296397;1182083;8;réelle;validé
46;904770;502525;281572;7274620;18;personnelle;non validé
48;142938;28521;80092;252970;9;personnelle;validé
39;469500;307046;113718;145973;17;personnelle;validé
35;236857;39289;138298;1319961;13;personnelle;validé
33;631470;21133;427236;3114375;11;personnelle;validé
28;130627;46220;59085;786629;17;personnelle;validé
33;286554;101780;129342;120605;15;personnelle;validé
43;636768;251340;269800;1777102;9;réelle;validé
33;333852;208744;87576;1899278;16;aucune;non validé
52;195933;38506;110199;438482;10;réelle;validé
39;336621;211804;87372;179170;9;réelle;validé
44;703059;188759;360010;9565191;23;personnelle;non validé
30;524742;292729;162409;959514;10;réelle;validé
43;492751;125545;257044;3376187;10;aucune;non validé
29;459519;173678;200089;1855895;17;personnelle;validé
44;547598;22589;367506;3635997;14;réelle;validé
42;818472;348186;329200;7589767;24;réelle;validé
37;231851;63924;117549;763980;13;réelle;validé
37;786236;388975;278083;1233188;11;personnelle;validé
48;279163;87062;134471;1140565;11;personnelle;validé
49;229602;160099;48652;1224164;17;aucune;non validé
42;920966;633263;201392;612020;8;réelle;validé
40;478556;222578;179185;1968282;13;personnelle;validé
31;870213;592644;194298;4267135;19;réelle;non validé
51;879678;378699;350685;1334082;17;réelle;validé
34;972833;121870;595674;7131908;16;réelle;validé
33;400873;54405;242528;4815812;23;personnelle;validé
49;781398;257412;366790;12251769;24;aucune;non validé
49;807690;340950;326718;5543168;14;aucune;non validé
48;803644;64480;517415;7363580;17;réelle;validé
28;720171;490004;161117;1586705;24;personnelle;validé
50;744984;250914;345849;1713751;12;réelle;validé
49;293535;113106;126300;2906439;16;réelle;non validé
34;729888;208128;365232;817809;7;personnelle;validé
32;381903;182474;139600;995798;18;réelle;validé
30;220364;38506;127301;1334919;22;personnelle;validé
51;129235;61470;47436;204022;17;personnelle;validé
39;534119;209573;227182;759147;17;réelle;validé
50;232925;102470;91318;1021398;9;aucune;non validé
31;331391;211815;83703;550414;7;personnelle;validé
43;888075;77864;567148;12940350;18;personnelle;non validé
29;684711;149071;374948;672845;22;réelle;validé
44;292933;47681;171676;2379684;12;personnelle;non validé
38;940704;123800;571833;899229;11;réelle;validé
38;326539;133367;135220;240475;8;personnelle;validé
30;604516;156008;313956;2800850;13;personnelle;validé
43;845233;251725;415456;3772245;16;personnelle;validé
34;229916;68524;112974;1667420;13;réelle;non validé
29;851984;469624;267652;346324;7;personnelle;validé
52;983045;405036;404606;1697572;6;personnelle;validé
38;303606;152629;105684;1532757;17;réelle;validé
42;520080;109514;287396;6826343;24;personnelle;validé
29;171112;43458;89358;132828;9;personnelle;validé
40;400749;38245;253753;2071845;13;réelle;validé
33;678209;410982;187059;820120;7;personnelle;validé
38;417279;144048;191262;266509;7;personnelle;validé
52;680830;355518;227718;1571738;21;personnelle;validé
39;501459;92676;286148;2366594;14;réelle;validé
46;869044;448007;294726;3962088;12;personnelle;non validé
43;597821;138253;321698;6581540;16;réelle;non validé
31;997278;459635;376350;880545;16;personnelle;validé
42;759035;42769;501386;193101;7;personnelle;validé
35;169614;50196;83593;158456;7;réelle;validé
40;528910;273388;178865;534042;21;personnelle;validé
50;772203;485752;200516;492168;11;réelle;validé
29;535793;61437;332049;1427148;6;personnelle;validé
41;407702;107125;210404;4218118;23;réelle;validé
29;491076;202613;201924;3408313;22;réelle;validé
30;546663;233161;219451;4445774;24;réelle;validé
31;892976;511271;267194;7539720;20;aucune;non validé
37;778445;112580;466105;2196534;6;personnelle;validé
42;601981;133726;327778;1632927;7;réelle;validé
46;377956;119519;180906;610997;18;réelle;validé
33;668117;278577;272678;1751207;8;réelle;validé
30;648942;87632;392917;5242793;18;réelle;validé
47;810227;269835;378274;6218984;21;personnelle;validé
52;475558;66361;286438;297571;15;personnelle;validé
32;532967;103160;300865;2023872;10;personnelle;validé
37;174908;34649;98181;1096395;18;réelle;validé
49;165825;89957;53108;859755;11;réelle;non validé
49;200255;60592;97764;555637;11;personnelle;validé
47;804137;54994;524400;7082990;21;réelle;validé
33;339612;135805;142665;127656;9;réelle;validé
31;206114;92406;79596;341787;24;réelle;validé
48;313363;172518;98592;1801227;22;réelle;validé
33;719537;98902;434444;2636672;18;personnelle;validé
50;352460;225248;89048;379849;9;personnelle;validé
43;985550;21117;675103;12510501;16;aucune;non validé
41;646178;189011;320017;387760;7;réelle;validé
51;265143;144723;84294;1167726;18;personnelle;validé
41;317479;181142;95436;1077875;15;personnelle;validé
30;255337;109823;101860;1005356;22;personnelle;validé
45;964836;585457;265565;3967228;19;réelle;validé
31;553374;88275;325569;507726;13;réelle;validé
49;147338;93823;37460;130134;6;personnelle;validé
32;599295;391169;145688;643176;6;personnelle;validé
34;481565;178593;212080;1494799;10;personnelle;validé
42;381464;143969;166246;544719;9;réelle;validé
46;133924;65465;47921;265020;8;réelle;validé
32;929263;421521;355419;8636288;17;réelle;non validé
44;150486;102570;33541;680016;18;aucune;non validé
35;731860;237623;345966;2193134;9;réelle;validé
40;284374;26624;180425;518534;8;personnelle;validé
40;263030;129732;93309;686306;6;réelle;non validé
29;366537;155180;147950;1258678;23;réelle;validé
44;417113;172535;171205;921235;7;réelle;validé
39;385203;108068;193994;5668592;24;aucune;non validé
52;178299;56037;85583;1726726;18;aucune;non validé
42;175079;54675;84283;289272;7;personnelle;validé
46;832916;267362;395888;3122545;18;personnelle;validé
46;953940;82751;609832;20412662;23;réelle;non validé
34;456060;141168;220424;4626485;19;réelle;non validé
51;835750;202748;443101;3959647;6;personnelle;non validé
33;527254;113082;289920;6230510;17;aucune;non validé
35;376838;55411;224999;1885540;16;personnelle;validé
42;979753;129118;595444;2293504;13;réelle;validé
43;271276;65384;144124;2697869;21;réelle;validé
29;558080;95964;323481;798094;9;réelle;validé
51;541132;176573;255191;2759510;23;personnelle;validé
29;266639;127516;97386;582925;15;personnelle;validé
48;743353;217329;368217;6254443;17;réelle;validé
50;929699;400185;370660;6267854;23;personnelle;validé
44;621251;30903;413244;5356618;11;aucune;non validé
34;905540;458522;312913;3492443;14;personnelle;validé
38;751135;63597;481277;4099606;16;réelle;validé
45;377925;36643;238897;5267977;15;aucune;non validé
35;425064;273693;105960;2753669;19;personnelle;non validé
36;586301;258522;229445;5437133;17;réelle;non validé
32;499472;209951;202665;4202868;14;aucune;non validé
45;903335;160209;520188;14279405;22;aucune;non validé
52;827869;512183;220980;5440713;21;réelle;non validé
52;327121;121672;143814;1428525;18;personnelle;validé
51;792108;460652;232019;3198314;21;réelle;validé
38;628009;328331;209775;6397430;23;aucune;non validé
51;868824;212432;459474;11680218;17;réelle;non validé
48;733499;467595;186133;1314341;20;personnelle;validé
28;163570;76117;61217;572478;21;réelle;validé
29;200273;94947;73728;892802;21;personnelle;validé
30;990316;634648;248968;1256525;22;personnelle;validé
42;523832;53703;329090;2200798;12;personnelle;validé
37;546537;303511;170118;1738260;19;personnelle;validé
37;747913;434644;219288;4320247;20;réelle;validé
34;288165;52690;164832;4327341;20;réelle;non validé
34;547401;197879;244665;3952913;12;aucune;non validé
48;300674;201061;69729;249413;14;personnelle;validé
43;625580;265464;252081;3482371;12;réelle;non validé
33;379758;149375;161268;551891;7;personnelle;validé
37;279477;42381;165967;2433668;12;aucune;non validé
46;260881;164934;67163;180294;6;réelle;validé
33;325925;45760;196116;1173726;14;réelle;validé
44;760706;363941;277736;5619667;14;aucune;non validé
46;615371;363887;176039;649843;22;personnelle;validé
52;870341;285444;409428;5985513;13;réelle;non validé
40;742986;436130;214799;1325487;9;personnelle;validé
33;844476;195654;454175;1978797;7;réelle;validé
35;501573;87176;290078;2316288;22;réelle;validé
49;274728;50064;157265;432999;19;personnelle;validé
38;680650;42441;446746;9898963;16;aucune;non validé
44;907306;369970;376135;4005789;8;aucune;non validé
49;570836;295548;192702;4301605;16;réelle;non validé
41;295490;137380;110677;824673;16;réelle;validé
46;223059;103726;83533;392565;9;personnelle;validé
30;496889;234194;183886;3176258;20;personnelle;validé
39;732738;505691;158933;451515;13;personnelle;validé
50;131958;46628;59731;306103;18;personnelle;validé
41;542686;126522;291315;1210444;9;personnelle;validé
29;421467;231024;133310;1218550;8;aucune;non validé
32;207651;51095;109589;1840513;13;aucune;non validé
28;364476;228283;95335;1510821;23;réelle;validé
31;174665;97538;53989;812357;17;réelle;validé
45;120601;33119;61237;317523;6;réelle;validé
42;695136;233553;323108;1280260;15;réelle;validé
50;551114;80853;329183;1617726;16;réelle;validé
33;980557;563251;292114;457011;19;réelle;validé
51;905259;563138;239485;4027343;13;réelle;non validé
37;726959;461748;185648;120292;10;réelle;validé
28;912595;263036;454691;1438525;9;personnelle;validé
50;243473;108016;94820;1335361;20;réelle;validé
44;700291;335594;255288;1799260;23;réelle;validé
40;568762;57902;357602;3124520;12;réelle;validé
31;145028;75148;48916;149093;10;réelle;validé
47;544453;299620;171383;1979944;19;réelle;validé
37;345257;182288;114078;959655;21;réelle;validé
45;306691;205425;70886;174392;12;personnelle;validé
